{"cameraMode":{"drawMode":0,"name":"Shaded","section":"Shading Mode"},"sceneLighting":true,"audioPlay":false,"sceneViewState":{"m_AlwaysRefresh":false,"showFog":true,"showSkybox":true,"showFlares":true,"showImageEffects":true,"showParticleSystems":true,"showVisualEffectGraphs":true,"m_FxEnabled":true},"in2DMode":false,"pivot":{"x":4.329923629760742,"y":7.088685035705566,"z":-0.05410730838775635},"rotation":{"x":-0.1894986629486084,"y":0.04495519772171974,"z":-0.008653630502521992,"w":-0.9810546636581421},"size":0.4568919539451599,"orthographic":false}